URL,Gene,Gene Full Name,Variant Type,MANE Select Transcript,My Variant Info ID,ClinVar ID (MyVariant),dbSNP RSID,COSMIC ID,SNPEff Effect,SNPEff Impact,ACMG/AMP BP4,ACMG/AMP PP3,Diseases,Therapies
https://civicdb.org/variants/1190,AKT1,AKT serine/threonine kinase 1,,,,,,,,,,,,
https://civicdb.org/variants/1191,AKT1,AKT serine/threonine kinase 1,Missense Variant,ENST00000649815.2:c.155T>G,chr14:g.105246445A>C,,rs2140948712,COSM93893,"structural_interaction_variant, missense_variant, sequence_feature","HIGH, MODERATE, LOW",,"Moderate (5), Strong (1), Supporting (7)",Endometrial Cancer,Capivasertib
https://civicdb.org/variants/1192,AKT1,AKT serine/threonine kinase 1,,,,,,,,,,,,
https://civicdb.org/variants/169,AKT1,AKT serine/threonine kinase 1,Missense Variant,ENST00000649815.2:c.235C>A,chr14:g.105243048G>T,,rs1057519804,COSM159008,"structural_interaction_variant, missense_variant","HIGH, MODERATE",Moderate (1),"Moderate (4), Strong (1), Supporting (7)",Melanoma,"Vemurafenib , Dabrafenib"
https://civicdb.org/variants/2360,AKT1,AKT serine/threonine kinase 1,,,,,,,,,,,Melanoma,Vemurafenib
https://civicdb.org/variants/237,AKT1,AKT serine/threonine kinase 1,,,,,,,,,,,,
https://civicdb.org/variants/3257,AKT1,AKT serine/threonine kinase 1,,,,,,,,,,,Colorectal Cancer,
https://civicdb.org/variants/4,AKT1,AKT serine/threonine kinase 1,Missense Variant,ENST00000649815.2:c.49G>A,chr14:g.105246551C>T,13983,rs121434592,COSM33765,"missense_variant&splice_region_variant, sequence_feature","MODERATE, LOW","Moderate (1), Supporting (1)","Moderate (4), Strong (1), Supporting (6)","Melanoma , Breast Cancer , Cancer , Her2-receptor Negative…","Capivasertib , Vemurafenib , Akt Inhibitor MK2206 , Fulvestrant , Uprosertib"
https://civicdb.org/variants/4222,AKT1,AKT serine/threonine kinase 1,,,,,,,,,,,Breast Cancer,Capivasertib
https://civicdb.org/variants/4223,AKT1,AKT serine/threonine kinase 1,,,,,,,,,,,Cancer,"Capivasertib , ARQ092"
https://civicdb.org/variants/4224,AKT1,AKT serine/threonine kinase 1,,,,,,,,,,,Cancer,Capivasertib
https://civicdb.org/variants/4906,AKT1,AKT serine/threonine kinase 1,,,,,,,,,,,"Breast Cancer , Solid Tumor","Fulvestrant , Sapanisertib , Capivasertib"
https://civicdb.org/variants/4938,AKT1,AKT serine/threonine kinase 1,,,,,,,,,,,,
https://civicdb.org/variants/1275,ALK,ALK receptor tyrosine kinase,Missense Variant,ENST00000389048.8:c.3592C>T,chr2:g.29443625G>A,,rs751306825,COSM97028,missense_variant,MODERATE,"Moderate (1), Supporting (1)","Moderate (3), Supporting (8)","Lung Non-small Cell… , Cancer","Crizotinib , Alectinib , Lorlatinib , Ceritinib , Brigatinib"
https://civicdb.org/variants/1295,ALK,ALK receptor tyrosine kinase,Missense Variant,ENST00000389048.8:c.3733T>G,chr2:g.29436860A>C,65671,rs281864720,COSM28499,missense_variant,MODERATE,Moderate (1),"Moderate (8), Strong (4), Supporting (6)",Neuroblastoma,Entrectinib
https://civicdb.org/variants/1492,ALK,ALK receptor tyrosine kinase,Missense Variant,ENST00000389048.8:c.3521T>G,chr2:g.29443696A>C,375887,rs1057519697,COSM28059,missense_variant,MODERATE,"Moderate (1), Supporting (1)","Moderate (9), Strong (4), Supporting (5)","Lung Non-small Cell… , Cancer","Crizotinib , ALK Inhibitor TAE684"
https://civicdb.org/variants/1493,ALK,ALK receptor tyrosine kinase,Missense Variant,ENST00000389048.8:c.3452C>T,chr2:g.29445273G>A,18086,rs113994091,COSM98478,"structural_interaction_variant, missense_variant&splice_region_variant","HIGH, MODERATE",Supporting (1),"Moderate (8), Strong (2), Supporting (4)","Lung Large Cell Carcinoma , Cancer , Anaplastic Large Cell…","Crizotinib , Alectinib , Ceritinib , Brigatinib , ALK Inhibitor ASP3026"
https://civicdb.org/variants/1505,ALK,ALK receptor tyrosine kinase,Missense Variant,ENST00000389048.8:c.3520T>G,chr2:g.29443697A>C,65670,rs281864719,COSM28054,missense_variant,MODERATE,Supporting (1),"Moderate (10), Strong (2), Supporting (4)",Lung Non-small Cell…,Crizotinib
https://civicdb.org/variants/1553,ALK,ALK receptor tyrosine kinase,Missense Variant,ENST00000389048.8:c.3587T>A,chr2:g.29443630A>T,,rs1669780202,COSM1169447,"structural_interaction_variant, missense_variant","HIGH, MODERATE",Moderate (1),"Moderate (6), Strong (3), Supporting (9)",Anaplastic Large Cell…,Crizotinib
https://civicdb.org/variants/1554,ALK,ALK receptor tyrosine kinase,Missense Variant,ENST00000389048.8:c.3455T>C,chr2:g.29445270A>G,,rs1057519785,COSM1407659,"structural_interaction_variant, missense_variant","HIGH, MODERATE",,"Moderate (10), Strong (5), Supporting (4)",Lung Non-small Cell…,Crizotinib
https://civicdb.org/variants/1556,ALK,ALK receptor tyrosine kinase,Missense Variant,ENST00000389048.8:c.3593T>C,chr2:g.29443624A>G,,rs766238529,,missense_variant,MODERATE,Moderate (1),"Moderate (8), Strong (5), Supporting (6)",Lung Non-small Cell…,Crizotinib
https://civicdb.org/variants/1661,ALK,ALK receptor tyrosine kinase,Missense Variant,ENST00000389048.8:c.3575G>C,chr2:g.29443642C>G,18085,rs113994089,,"structural_interaction_variant, missense_variant","HIGH, MODERATE","Moderate (1), Supporting (1)","Moderate (5), Strong (2), Supporting (7)","Neuroblastoma , Cancer , Lung Large Cell Carcinoma","Crizotinib , Alectinib , Ceritinib , Brigatinib , AZD3463 , ALK Inhibitor ASP3026"
https://civicdb.org/variants/1683,ALK,ALK receptor tyrosine kinase,Missense Variant,ENST00000389048.8:c.641G>A,chr2:g.30142885C>T,538178,rs766999851,COSM1020029,missense_variant,MODERATE,"Moderate (2), Supporting (6)",Supporting (3),Nasal Type Extranodal…,Crizotinib
https://civicdb.org/variants/171,ALK,ALK receptor tyrosine kinase,Missense Variant,ENST00000389048.8:c.3604G>A,chr2:g.29443613C>T,376134,rs1057519783,COSM144250,"structural_interaction_variant, missense_variant","HIGH, MODERATE",Moderate (1),"Moderate (8), Strong (2), Supporting (5)","Lung Non-small Cell… , Malignant Pleural… , Cancer , Lung Adenocarcinoma","Crizotinib , Lorlatinib , Alectinib , Tanespimycin , Ceritinib , Brigatinib"
https://civicdb.org/variants/172,ALK,ALK receptor tyrosine kinase,Missense Variant,ENST00000389048.8:c.3617C>A,chr2:g.29443600G>T,,rs1057519782,COSM144251,missense_variant,MODERATE,"Moderate (1), Supporting (1)","Moderate (4), Supporting (7)","Lung Non-small Cell… , Cancer","Crizotinib , Ceritinib"
https://civicdb.org/variants/2635,ALK,ALK receptor tyrosine kinase,,,,,,,,,,,Alveolar Rhabdomyosarcoma,Crizotinib
https://civicdb.org/variants/2798,ALK,ALK receptor tyrosine kinase,Missense Variant,ENST00000389048.8:c.3383G>C,chr2:g.29445450C>G,18084,rs113994088,COSM98475,missense_variant,MODERATE,Moderate (1),"Moderate (7), Strong (6), Supporting (7)",Neuroblastoma,
https://civicdb.org/variants/2813,ALK,ALK receptor tyrosine kinase,Amino Acid Deletion,ENST00000389048.8:c.3605_3607del,,,,,,,,,Lung Non-small Cell…,Ceritinib
